Hour,Mean_Call_rate_per_minute,Speed_average,Depth_average
0,2.98776936517181,1.86898417589775,5.9663593745522
1,0.890862790274662,1.81307806514991,9.9831979258416
