Classification,Occurrences,perc_callcat_tag4,perc_callcat_all_tag4
28,1780,0.577359714563737,0.2996632996633
10,138,0.0447615958481998,0.0232323232323232
39,126,0.0408692831657477,0.0212121212121212
38,104,0.033733376581252,0.0175084175084175
29,101,0.032760298410639,0.017003367003367
