Row,All,Tag 1,Tag 2,Tag 3,Tag 4
Num,5940,372,2372,113,3083
Perc,NA,0.062626,0.39933,0.019024,0.51902
